개방서비스명,개방서비스아이디,사업장명,좌표정보(x),좌표정보(y),업태구분명,소분류
영화,03_13_02_P,CGV 광주터미널 1관,189004.9682,184579.5536,영화,CGV
영화,03_13_02_P,CGV광주상무 제1관,186350.8164,183915.8701,영화,CGV
영화,03_13_02_P,광주극장,191934.2551,183420.9653,영화,
영화,03_13_02_P,계림극장,,,영화,
영화,03_13_02_P,샤롯데관,191913.0383,183968.0199,영화,롯데시네마
영화,03_13_02_P,광주독립영화관(G시네마),192842.5254,183089.7815,영화,
영화,03_13_02_P,롯데시네마 충장로 8관,192149.202,183221.9289,영화,롯데시네마
영화,03_13_02_P,메가박스 전대 6관,191950.6543,185940.6389,영화,메가박스
영화,03_13_02_P,광주자동차극장,190877.7984,191627.3773,영화,
영화,03_13_02_P,롯데시네마 율하관(제6관),352868.5366,264480.5655,영화,롯데시네마
영화,03_13_02_P,씨네Q 대구이시아 1관,347690.4344,270271.2257,영화,
영화,03_13_02_P,메가박스중앙 (주)대구 신세계지점 Dolby Cinema관,347037.242,265407.4043,영화,메가박스
영화,03_13_02_P,씨네팔공산,352679.2832,277641.7859,영화,
영화,03_13_02_P,롯데시네마 프리미엄 만경관 8관,343571.9657,264582.7763,영화,롯데시네마
영화,03_13_02_P,CGV대구현대 제1관,343588.7356,264119.0108,영화,CGV
영화,03_13_02_P,CGV대구아카데미제5관,343908.6834,264477.417,영화,CGV
영화,03_13_02_P,롯데시네마 동성로 제1관(샤롯데관),344128.8755,264507.1567,영화,롯데시네마
영화,03_13_02_P,독립영화전용관 오오극장,343471.4392,264558.0693,영화,
영화,03_13_02_P,CGV대구한일 3관,344009.2409,264537.6112,영화,CGV
영화,03_13_02_P,CGV 대구수성 제1관,348194.4994,259144.5193,영화,CGV
영화,03_13_02_P,CGV대구스타디움제1관,352335.045,260158.7502,영화,CGV
영화,03_13_02_P,롯데시네마 성서9 (제9관),336128.8616,262620.4355,영화,롯데시네마
영화,03_13_02_P,롯데시네마 상인 제1관,339041.173,258463.128,영화,롯데시네마
영화,03_13_02_P,CGV 대구월성 1관,337925.1213,259346.8508,영화,CGV
영화,03_13_02_P,예당시네마,344845.7834,370384.9337,영화,
영화,03_13_02_P,롯데시네마 영주,344256.2072,370753.4519,영화,롯데시네마
영화,03_13_02_P,메가박스공주제1관,212364.4999,330291.5739,영화,메가박스
영화,03_13_02_P,CGV천안 8관,213170.6052,367376.0817,영화,CGV
영화,03_13_02_P,CGV천안펜타포트(1관),208976.4765,366326.6344,영화,CGV
영화,03_13_02_P,CGV천안터미널 2관,213910.8506,368774.0876,영화,CGV
영화,03_13_02_P,금성시네마,191994.9315,308949.1439,영화,
영화,03_13_02_P,인디플러스 천안,213497.5571,367440.5055,영화,
영화,03_13_02_P,천안인생극장,213495.9752,367329.0431,영화,
영화,03_13_02_P,메가박스중앙(주) 천안지점(제1관),213076.3258,370130.3313,영화,메가박스
영화,03_13_02_P,용봉산시네마,169691.5845,349204.6893,영화,
영화,03_13_02_P,CGV 홍성(제1관),170963.8162,344485.5651,영화,CGV
영화,03_13_02_P,(주)홍성메가 2관,171227.2017,350955.2392,영화,
영화,03_13_02_P,롯데시네마 서산관(1관),152229.2291,364299.2693,영화,롯데시네마
영화,03_13_02_P,스타박스 1관,192176.0015,308412.5469,영화,
영화,03_13_02_P,태안 작은영화관 1관,138419.6435,361755.2695,영화,
영화,03_13_02_P,CGV서산 1관,151407.21,364271.7801,영화,CGV
영화,03_13_02_P,평택호자동차극장,192985.284,379973.746,영화,
영화,03_13_02_P,CGV 평택소사 3관,209854.0132,388765.0857,영화,CGV
영화,03_13_02_P,CGV평택 4DX관,207390.4968,387776.2716,영화,CGV
영화,03_13_02_P,롯데컬처웍스(주) 롯데시네마 송탄1관,205355.9942,396167.9982,영화,롯데시네마
영화,03_13_02_P,롯데시네마 평택비전 3관,209932.5817,388254.4237,영화,롯데시네마
영화,03_13_02_P,대한극장(6관),199532.8921,451004.6367,영화,
영화,03_13_02_P,씨지브이 용산아이파크몰 제2관,196762.0774,447480.0396,영화,
영화,03_13_02_P,CGV 영등포 제3관,191385.0574,446098.5559,영화,CGV
영화,03_13_02_P,CGV여의도 5관 [CGV아트하우스],193326.931,446973.9146,영화,CGV
영화,03_13_02_P,"명보 <<1,2,5관>>",199332.2989,451378.468,영화,
영화,03_13_02_P,메가박스중앙(주) 목동지점 COMFORT 2관,188977.1711,447466.355,영화,메가박스
영화,03_13_02_P,메가박스중앙(주)더부티크목동현대백화점101호(The Boutique),188884.0756,447186.8886,영화,메가박스
영화,03_13_02_P,아리랑시네센터 제1관,201158.1367,455288.7654,영화,
영화,03_13_02_P,CGV 성신여대입구 2관,201447.4187,454477.1033,영화,CGV
영화,03_13_02_P,이동상영관,193604.7092,455734.9023,영화,
영화,03_13_02_P,CGV불광제3관,193661.7324,456379.1939,영화,CGV
영화,03_13_02_P,메가박스중앙(주)신촌지점 6관,194798.4584,450837.0517,영화,메가박스
영화,03_13_02_P,필름포럼 1관,195028.4006,451317.9095,영화,
영화,03_13_02_P,아트하우스 모모-이화·KB 시네마 1관,195287.7664,451143.7893,영화,
영화,03_13_02_P,CGV신촌아트레온 1관,194649.344,450478.3522,영화,CGV
영화,03_13_02_P,청춘극장,197164.2265,451647.6741,영화,
영화,03_13_02_P,CGV 동대문 제1관,200613.5103,451817.5154,영화,CGV
영화,03_13_02_P,메가박스중앙(주) 동대문점 COMFORT 1관,200573.6413,451621.0365,영화,메가박스
영화,03_13_02_P,인사이드시네마,198636.2504,451005.7216,영화,
영화,03_13_02_P,대한극장(4관),199519.6498,450977.2505,영화,
영화,03_13_02_P,KTX시네마,197242.9948,450658.9479,영화,
영화,03_13_02_P,롯데시네마 은평 2관,192694.9237,459461.2361,영화,롯데시네마
영화,03_13_02_P,CGV상봉3관,208076.3867,455017.5286,영화,CGV
영화,03_13_02_P,메가박스중앙(주) 상봉지점 1관,206526.0022,454549.1674,영화,메가박스
영화,03_13_02_P,롯데컬처웍스(주) 롯데시네마 성남중앙 1관,212889.7803,437694.3048,영화,롯데시네마
영화,03_13_02_P,메가박스 용인테크노밸리 1관,213057.9276,421057.2355,영화,메가박스
영화,03_13_02_P,롯데시네마 익산모현관 제1관,194489.7532,272181.1411,영화,롯데시네마
영화,03_13_02_P,CGV 등촌 1관,187210.9178,450631.4355,영화,CGV
영화,03_13_02_P,롯데시네마 용인역북 1관,216638.1962,414851.808,영화,롯데시네마
영화,03_13_02_P,보성작은영화관 2관,207098.3049,140734.5103,영화,
영화,03_13_02_P,CGV 방학 4DX관,203783.2123,462550.4573,영화,CGV
영화,03_13_02_P,CGV광명역1관,189919.3109,435641.2772,영화,CGV
영화,03_13_02_P,롯데시네마 부평갈산 3관,175822.3041,445934.8107,영화,롯데시네마
영화,03_13_02_P,롯데시네마 파주아울렛 1관,172824.7401,468446.4024,영화,롯데시네마
영화,03_13_02_P,장수한누리영화관 2관,246876.5869,238088.4017,영화,
영화,03_13_02_P,CGV구리갈매 1관,210762.2399,459251.6129,영화,CGV
영화,03_13_02_P,씨네라운지 1관,136356.9423,-20780.80749,영화,
영화,03_13_02_P,CGV동두천 2관,205060.0756,488284.851,영화,CGV
영화,03_13_02_P,의령도깨비영화관 1관,313821.5814,202824.3115,영화,
영화,03_13_02_P,메가박스 상무 10관,186613.0465,183951.233,영화,메가박스
영화,03_13_02_P,메가박스 상무 2관,186660.302,183916.1105,영화,메가박스
영화,03_13_02_P,CGV광주금남로 7관,192150.4993,183089.569,영화,CGV
영화,03_13_02_P,듀오씨네마,192215.1123,183338.2341,영화,
영화,03_13_02_P,CGV 광주충장로 3관,192005.764,183296.8613,영화,CGV
영화,03_13_02_P,롯데시네마광장관 6관,340011.7376,262835.1995,영화,롯데시네마
영화,03_13_02_P,씨네Q 구미봉곡점 5관,318307.6387,293880.282,영화,
영화,03_13_02_P,롯데시네마 프리미엄구미센트럴 2관,320081.3739,292887.704,영화,롯데시네마
영화,03_13_02_P,씨지브이구미(제1관),319433.1401,292986.7904,영화,
영화,03_13_02_P,메가박스 경산하양 1관,364510.4316,269692.9448,영화,메가박스
영화,03_13_02_P,메가박스중앙 구미강동점 2관,327591.8409,290553.6791,영화,메가박스
영화,03_13_02_P,롯데시네마 구미공단 (1관),324642.517,290192.8659,영화,롯데시네마
영화,03_13_02_P,롯데시네마 2관,399897.0604,262421.9147,영화,롯데시네마
영화,03_13_02_P,메가박스 2관,399859.7326,262426.132,영화,메가박스
영화,03_13_02_P,씨네큐 경주보문점 1관,406950.6156,262342.5094,영화,
영화,03_13_02_P,대가야시네마 1관,314024.6745,247263.9357,영화,
영화,03_13_02_P,코스모스극장1관,319767.7446,293055.0828,영화,
영화,03_13_02_P,G플랙스 시네마1관,319727.7488,292936.8733,영화,
영화,03_13_02_P,메가박스중앙(주) 문경 제3관,306449.7947,343567.1711,영화,메가박스
영화,03_13_02_P,메가박스 울산점 3관,410395.7665,230768.5378,영화,메가박스
영화,03_13_02_P,롯데시네마 울산성남 제1관,410346.7649,230634.4694,영화,롯데시네마
영화,03_13_02_P,CGV 남주안점 6관,171686.671,440193.9217,영화,CGV
영화,03_13_02_P,롯데시네마 인천터미널3관,173499.2673,437739.3214,영화,롯데시네마
영화,03_13_02_P,CGV전주효자 7관,210401.0807,256333.1337,영화,CGV
영화,03_13_02_P,CGV 전주고사 1관,212769.1687,257808.7298,영화,CGV
영화,03_13_02_P,전주시네마 제5관,212702.2804,257804.796,영화,
영화,03_13_02_P,CGV서전주 1관,209548.0584,257418.3612,영화,CGV
영화,03_13_02_P,메가박스 전주송천(5관),210254.132,263261.141,영화,메가박스
영화,03_13_02_P,가평군청,244802.517,481099.0494,영화,
영화,03_13_02_P,롯데시네마 전주평화1관,211904.5286,255135.9476,영화,롯데시네마
영화,03_13_02_P,전주디지털독립영화관,212808.454,257594.5655,영화,
영화,03_13_02_P,메가박스 전주객사 제1관,212915.8216,257873.5197,영화,메가박스
영화,03_13_02_P,조이앤시네마 전주1관,212780.202,257897.0112,영화,
영화,03_13_02_P,롯데시네마전주8(제8관),210932.1764,259384.6678,영화,롯데시네마
영화,03_13_02_P,아트시네마,238743.9251,345509.6541,영화,
영화,03_13_02_P,CGV당진점,166983.1523,377888.6566,영화,CGV
영화,03_13_02_P,씨지브이 보령 GH관,163381.0939,316605.8914,영화,
영화,03_13_02_P,명보시네마 1관,163192.5035,316884.0004,영화,
영화,03_13_02_P,예산시네마,186329.8621,352777.581,영화,
영화,03_13_02_P,대천비치시네마,156174.5491,313437.5543,영화,
영화,03_13_02_P,청양시네마 1관,182102.1663,327860.0146,영화,
영화,03_13_02_P,서천군 기벌포영화관,172358.3199,279239.3856,영화,
영화,03_13_02_P,롯데시네마 아산터미널1관,201341.1916,364818.0344,영화,롯데시네마
영화,03_13_02_P,CGV범계4관,195607.794,431900.7041,영화,CGV
영화,03_13_02_P,롯데시네마 인덕원(3관),197818.1119,433137.5784,영화,롯데시네마
영화,03_13_02_P,롯데시네마 평촌(제1관),195544.974,432016.7834,영화,롯데시네마
영화,03_13_02_P,양주문예회관,197398.2247,478964.8967,영화,
영화,03_13_02_P,메가박스 양주 2관,206986.7852,477076.7717,영화,메가박스
영화,03_13_02_P,롯데시네마 양주고읍 제3관,206882.1862,477020.5632,영화,롯데시네마
영화,03_13_02_P,CGV평촌5관,196587.715,432322.2319,영화,CGV
영화,03_13_02_P,CGV 송파 6관,210986.4607,441725.2935,영화,CGV
영화,03_13_02_P,롯데시네마 월드타워(제21관),209074.9008,445657.8093,영화,롯데시네마
영화,03_13_02_P,독립영화전용관 인디스페이스,193282.1308,450549.2802,영화,
영화,03_13_02_P,허리우드클래식,198852.9597,452253.9426,영화,
영화,03_13_02_P,메가박스 송파파크하비오점(9관),210868.3975,442053.2279,영화,메가박스
영화,03_13_02_P,씨네큐브광화문 1관,197482.2053,451938.3079,영화,
영화,03_13_02_P,에무 시네마 1관,197193.7713,452199.4288,영화,
영화,03_13_02_P,CGV 대학로 1관,199916.8335,453462.4209,영화,CGV
영화,03_13_02_P,CGV피카디리1958 1관,199155.5449,452083.1255,영화,CGV
영화,03_13_02_P,메가박스중앙(주) 양산증산지점 7관,382680.0115,203015.6519,영화,메가박스
영화,03_13_02_P,메가박스중앙(주) 대전중앙로지점 1관,238010.3151,314178.0578,영화,메가박스
영화,03_13_02_P,CGV 충북혁신 1관,248107.0984,378637.7135,영화,CGV
영화,03_13_02_P,롯데시네마 대구현풍1,331615.4789,244670.8114,영화,롯데시네마
영화,03_13_02_P,천안자동차극장 2관,223348.7512,361726.6186,영화,
영화,03_13_02_P,롯데시네마 속초3관,339101.5835,523440.5995,영화,롯데시네마
영화,03_13_02_P,CGV대전가오 제5관,241064.7676,311893.458,영화,CGV
영화,03_13_02_P,대전아트시네마,238578.0742,314456.027,영화,
영화,03_13_02_P,우송예술회관(비상설상영장),239960.4876,315314.4324,영화,
영화,03_13_02_P,CGV대전터미널 1관,239202.8467,316830.0761,영화,CGV
영화,03_13_02_P,롯데시네마 서면 제6관,387920.2921,186157.3162,영화,롯데시네마
영화,03_13_02_P,대한시네마 제2관,387658.3526,185836.3426,영화,
영화,03_13_02_P,롯데시네마 부산본점관 제11관,387271.2995,186099.1375,영화,롯데시네마
영화,03_13_02_P,CGV서면 4DX관,388011.1978,185310.7053,영화,CGV
영화,03_13_02_P,롯데시네마 동부산 제1관,401473.9507,190354.2558,영화,롯데시네마
영화,03_13_02_P,메가박스 정관 1관,398025.7114,204401.6914,영화,메가박스
영화,03_13_02_P,CGV 정관 1관,398024.2448,204621.6557,영화,CGV
영화,03_13_02_P,메가박스 검단점 COMFORT 1관,171261.4184,454010.5166,영화,메가박스
영화,03_13_02_P,CGV주안역 1관,171655.8502,440422.7007,영화,CGV
영화,03_13_02_P,영화공간 주안3관,171673.903,439949.6655,영화,
영화,03_13_02_P,제1관 반디관,259656.6929,278226.1038,영화,
영화,03_13_02_P,CGV 1관,186288.5333,230026.0421,영화,CGV
영화,03_13_02_P,합천시네마 1관,304875.2603,230377.7434,영화,
영화,03_13_02_P,CGV여수웅천(제6관),262077.5781,139123.0121,영화,CGV
영화,03_13_02_P,시청각 교육 영화사,210611.1248,259411.9551,영화,
영화,03_13_02_P,CGV목포평화광장4관,148058.3144,144672.7938,영화,CGV
영화,03_13_02_P,씨제이 씨지브이 주식회사(순천4관),244349.1614,161432.4873,영화,
영화,03_13_02_P,메가박스 6관,246595.8194,160387.2854,영화,메가박스
영화,03_13_02_P,지평선시네마 제1관,190977.2943,257176.4579,영화,
영화,03_13_02_P,롯데시네마군산나운1관,173292.8568,273527.9058,영화,롯데시네마
영화,03_13_02_P,롯데시네마 군산몰 1관,176350.4825,275156.8818,영화,롯데시네마
영화,03_13_02_P,4D 영상관,227218.8802,237034.8863,영화,
영화,03_13_02_P,완주 휴(休) 시네마 2관,211534.1064,273578.5795,영화,
영화,03_13_02_P,동리시네마 제1관,172919.446,214720.1023,영화,
영화,03_13_02_P,시네메드자동차극장,145362.0772,-27607.70999,영화,
영화,03_13_02_P,롯데시네마 서귀포 1관,154166.1303,-27615.18997,영화,롯데시네마
영화,03_13_02_P,CGV 의정부 제2관,204011.3019,470564.0155,영화,CGV
영화,03_13_02_P,CGV 용인 5관,218209.5417,414813.228,영화,CGV
영화,03_13_02_P,루블루시네마 4관,209320.2516,418611.389,영화,
영화,03_13_02_P,한국민속촌 자동차극장 1관,210854.6119,417497.9894,영화,
영화,03_13_02_P,이스트라인시네마(이동상영관),199232.3459,451069.9026,영화,
영화,03_13_02_P,롯데시네마 의정부민락 7관,208436.8809,471310.7075,영화,롯데시네마
영화,03_13_02_P,의정부극장 1관,204454.4011,470755.2213,영화,
영화,03_13_02_P,태흥시네마2 2관,204327.839,470698.8467,영화,
영화,03_13_02_P,CGV 의정부태흥 1관,203772.8318,470619.1091,영화,CGV
영화,03_13_02_P,메가박스 파주운정점 제2관,178654.7602,467065.3742,영화,메가박스
영화,03_13_02_P,포천반월아트홀,218456.4665,488168.8259,영화,
영화,03_13_02_P,광릉수목원 자동차 극장,214433.0658,475346.386,영화,
영화,03_13_02_P,포천자동차극장,212193.5393,474859.1868,영화,
영화,03_13_02_P,메가박스 의정부 민락점 1관,208369.7296,471489.4297,영화,메가박스
영화,03_13_02_P,메가박스 파주금촌(6관),180081.4098,473626.4208,영화,메가박스
영화,03_13_02_P,CGV이천 1관,239314.5547,419842.4989,영화,CGV
영화,03_13_02_P,롯데시네마 오산 1관,206494.8211,404499.0085,영화,롯데시네마
영화,03_13_02_P,CGV 오산(3관),206183.3163,404918.273,영화,CGV
영화,03_13_02_P,메가박스중앙(주) 하남스타필드지점 3관,219699.0105,449270.3712,영화,메가박스
영화,03_13_02_P,메가박스 미사강변점 제5관,216684.3408,451585.5711,영화,메가박스
영화,03_13_02_P,양평시네마,243187.999,443328.2691,영화,
영화,03_13_02_P,메가박스 경북도청점 2관,333556.873,342623.9014,영화,메가박스
영화,03_13_02_P,롯데시네마 충주점 1관,279921.7969,384837.5038,영화,롯데시네마
영화,03_13_02_P,롯데시네마 영종하늘도시 1관,161141.6383,443151.2845,영화,롯데시네마
영화,03_13_02_P,메가박스중앙(주) 홍대지점 1관,193046.5347,450424.5645,영화,메가박스
영화,03_13_02_P,롯데시네마 수지 4관,207273.4907,423410.2183,영화,롯데시네마
영화,03_13_02_P,CGV 가수원점 1관,231431.1727,311691.6058,영화,CGV
영화,03_13_02_P,아카데미극장,391495.416,440085.7303,영화,
영화,03_13_02_P,가람영화관 1관,390949.2115,439719.707,영화,
영화,03_13_02_P,도계작은영화관(가람영화관 3관),381255.8726,416153.7369,영화,
영화,03_13_02_P,이스트라인시네마(이동영화),339073.5232,524509.0769,영화,
영화,03_13_02_P,태형영화,333788.7943,524104.9594,영화,
영화,03_13_02_P,메가박스 속초점 1관,338872.9337,521870.2622,영화,메가박스
영화,03_13_02_P,하늘관,302196.8616,507078.2791,영화,
영화,03_13_02_P,원통영화관,305746.2185,513717.9597,영화,
영화,03_13_02_P,CGV기린,315843.2857,496630.228,영화,CGV
영화,03_13_02_P,철원작은영화관 뚜루 2관,227352.3039,515864.1342,영화,
영화,03_13_02_P,HAPPY700 평창시네마 1관,325024.793,455006.7428,영화,
영화,03_13_02_P,(주) CGV 강릉지점 1관,367257.0896,474274.358,영화,CGV
영화,03_13_02_P,강릉독립예술극장 신영,367081.6296,474168.0956,영화,
영화,03_13_02_P,(주)강릉자동차극장,367183.6022,467401.0166,영화,
영화,03_13_02_P,대전극장,238573.8291,314011.0204,영화,
영화,03_13_02_P,CGV대전9 제3관,236652.1694,313435.5563,영화,CGV
영화,03_13_02_P,씨지브이동래 제5관,389816.233,193329.6059,영화,
영화,03_13_02_P,롯데시네마 동래관(제9관),389097.8009,192260.8116,영화,롯데시네마
영화,03_13_02_P,CGV 아시아드 제3관,387686.1949,189911.4305,영화,CGV
영화,03_13_02_P,메가박스중앙(주) 사상지점 1관,380509.7831,186704.0673,영화,메가박스
영화,03_13_02_P,CGV 화명 제1관,382882.2789,194681.151,영화,CGV
영화,03_13_02_P,메가박스 덕천 1관,382731.2102,192059.7456,영화,메가박스
영화,03_13_02_P,메가박스해운대(장산)7관,398269.0515,187874.7781,영화,메가박스
영화,03_13_02_P,CGV 센텀시티 5관,393952.2645,187602.9332,영화,CGV
영화,03_13_02_P,롯데시네마 해운대 제3관,398237.3635,187720.5111,영화,롯데시네마
영화,03_13_02_P,소극장(CINEMA 2),393724.6551,187847.3488,영화,
영화,03_13_02_P,롯데시네마 센텀시티 제1관,394083.5015,187707.5861,영화,롯데시네마
영화,03_13_02_P,CGV 해운대 2관,396596.4435,186999.8845,영화,CGV
영화,03_13_02_P,중앙극장1관,319781.9711,292897.2765,영화,
영화,03_13_02_P,CGV 청라 1관,168257.1702,447843.8442,영화,CGV
영화,03_13_02_P,롯데시네마 인천아시아드 1관,170234.0162,449416.8783,영화,롯데시네마
영화,03_13_02_P,메가박스 청라점 1관,169500.0,447993.88,영화,메가박스
영화,03_13_02_P,애관극장 1관,167185.0871,441195.4395,영화,
영화,03_13_02_P,애관극장 3관,167170.2034,441212.3421,영화,
영화,03_13_02_P,메가박스중앙(주) 송도지점 MX관,170067.9288,430784.6238,영화,메가박스
영화,03_13_02_P,CINE Q 부평 GH관,175568.4387,443344.9189,영화,
영화,03_13_02_P,롯데시네마 부평9 9관,175754.088,443547.361,영화,롯데시네마
영화,03_13_02_P,롯데시네마 부평역사 1관,175405.1137,443089.591,영화,롯데시네마
영화,03_13_02_P,CGV 연수역 4관,171347.0526,435117.5234,영화,CGV
영화,03_13_02_P,대한극장 1관,175370.9644,443242.9328,영화,
영화,03_13_02_P,CGV 인천연수 1관,171926.0767,433811.1364,영화,CGV
영화,03_13_02_P,아이즈빌씨지브이부평10 1관,173718.6048,446665.0644,영화,
영화,03_13_02_P,여수 시민회관,266583.403,138943.3776,영화,
영화,03_13_02_P,CGV 나주점 1관,181036.5362,169457.8414,영화,CGV
영화,03_13_02_P,여수자동차극장,258801.6262,137072.4045,영화,
영화,03_13_02_P,메가박스 여수웅천점 1관,262093.4908,139162.6764,영화,메가박스
영화,03_13_02_P,도곡시네마,191126.9194,169469.9349,영화,
영화,03_13_02_P,오가닉메이커협동조합시네마 1관,237497.9755,197216.0466,영화,
영화,03_13_02_P,호남영배사,191434.9992,181503.702,영화,
영화,03_13_02_P,가나시청각,200346.7746,444921.7302,영화,
영화,03_13_02_P,정남진시네마 1관,191498.3417,130811.5358,영화,
영화,03_13_02_P,씨지브이 제주 1관,156002.3972,507.5310548,영화,
영화,03_13_02_P,CGV제주노형1관,151441.4474,-1047.378627,영화,CGV
영화,03_13_02_P,자유로 자동차 극장 1관,176626.6164,481301.9265,영화,
영화,03_13_02_P,씨제이 씨지브이 주식회사 (문산점 1관),180932.9084,484915.1071,영화,
영화,03_13_02_P,CGV신세계경기 TEMPUR CINEMA,209514.368,424782.5285,영화,CGV
영화,03_13_02_P,메가박스중앙 주식회사 파주출판도시점(5관),172401.2518,467977.5877,영화,메가박스
영화,03_13_02_P,CGV동백 제1관,213383.9778,419575.3412,영화,CGV
영화,03_13_02_P,문예회관,217578.6165,414463.5361,영화,
영화,03_13_02_P,뉴아트프로덕션(이동상영관),198456.128,450735.8679,영화,
영화,03_13_02_P,헤이리 시네마,173299.2911,476607.4128,영화,
영화,03_13_02_P,롯데시네마 파주운정관 제1관,176725.2624,469706.9911,영화,롯데시네마
영화,03_13_02_P,롯데시네마 제주아라 6관,156787.8258,-1295.616285,영화,롯데시네마
영화,03_13_02_P,CGV서면삼정타워제1관,387608.0142,185703.079,영화,CGV
영화,03_13_02_P,메기박스 중앙(주) 부천 스타필드시티지점 2관,183469.3677,439944.2232,영화,
영화,03_13_02_P,롯데시네마 엠비씨네 시그니처 M,300814.3278,185515.0537,영화,롯데시네마
영화,03_13_02_P,퍼스트가든 자동차극장,181846.9596,470130.3979,영화,
영화,03_13_02_P,CGV(오산중앙)6관,206236.9081,404466.6956,영화,CGV
영화,03_13_02_P,롯데컬처웍스(주)롯데시네마 대전 관저 1관,229902.1768,311365.3487,영화,롯데시네마
영화,03_13_02_P,포천)클라우드시네마 1관,223793.7883,509795.7858,영화,
영화,03_13_02_P,메가박스중앙(주) 성수지점 1관,203903.3536,448846.8202,영화,메가박스
영화,03_13_02_P,CGV울산신천 1관,413327.4826,239791.1942,영화,CGV
영화,03_13_02_P,안영채X모노플렉스,209267.8319,407233.5254,영화,
영화,03_13_02_P,롯데시네마춘천 1관,263954.0757,486406.8856,영화,롯데시네마
영화,03_13_02_P,BodyCare Seat관(CGV춘천 1관),265386.6343,483368.2515,영화,CGV
영화,03_13_02_P,메가박스 남춘천 1관,263286.9396,485123.9106,영화,메가박스
영화,03_13_02_P,메가박스 중앙(주) 춘천석사지점 1관,265760.7509,484782.143,영화,메가박스
영화,03_13_02_P,롯데시네마 남원주1관,284012.1979,425846.2563,영화,롯데시네마
영화,03_13_02_P,메가박스 원주1관,282315.6736,427402.9246,영화,메가박스
영화,03_13_02_P,CGV원주1관,282420.4536,427386.4993,영화,CGV
영화,03_13_02_P,롯데시네마 원주무실점 7관,282361.6563,426273.5405,영화,롯데시네마
영화,03_13_02_P,화천읍관(산천어시네마),257959.6107,523204.6505,영화,
영화,03_13_02_P,아리아리 정선시네마 2관,347325.5597,432025.403,영화,
영화,03_13_02_P,고한시네마 1관,364813.5172,412459.4078,영화,
영화,03_13_02_P,문화극장,283846.4133,428499.9773,영화,
영화,03_13_02_P,메가박스 원주 센트럴점 1관,287371.6685,425538.2944,영화,메가박스
영화,03_13_02_P,메가박스 원주 센트럴점 6관,287336.986,425561.6915,영화,메가박스
영화,03_13_02_P,고성문화의 집,328115.669,542759.3291,영화,
영화,03_13_02_P,달홀영화관 1관,328732.9546,542805.0473,영화,
영화,03_13_02_P,롯데시네마동해관2관,386937.2531,448759.4186,영화,롯데시네마
영화,03_13_02_P,정중앙시네마 1관,286317.9038,512226.1013,영화,
영화,03_13_02_P,영월시네마 1관,330509.1786,410194.3273,영화,
영화,03_13_02_P,양양작은영화관 1관,342475.4395,509199.9186,영화,
영화,03_13_02_P,CGV하단아트몰링 1관,379212.0797,180390.069,영화,CGV
영화,03_13_02_P,메가박스 부산극장 1관,384919.4108,179609.2078,영화,메가박스
영화,03_13_02_P,메가박스 부산극장 7관,384871.0192,179600.3951,영화,메가박스
영화,03_13_02_P,롯데시네마 광복 제1관,385622.7805,179452.2248,영화,롯데시네마
영화,03_13_02_P,롯데시네마 대영 제1관,384985.4481,179597.593,영화,롯데시네마
영화,03_13_02_P,CGV대연 2관,391258.8699,184039.54,영화,CGV
영화,03_13_02_P,메가박스중앙(주)부산대지점 1관,390026.7695,194312.7237,영화,메가박스
영화,03_13_02_P,롯데컬처웍스(주)롯데시네마오투 1관,390183.8131,194117.4657,영화,롯데시네마
영화,03_13_02_P,부산예술관,390688.5607,182959.2892,영화,
영화,03_13_02_P,보물섬시네마,282200.7208,149969.1421,영화,
영화,03_13_02_P,롯데시네마 통영 (1관),330722.0113,152093.4279,영화,롯데시네마
영화,03_13_02_P,CGV통영(1관),330294.3763,151877.485,영화,CGV
영화,03_13_02_P,서울아트시네마,197279.3284,451765.4265,영화,
영화,03_13_02_P,알프스시네마 1관,387433.0319,230470.2142,영화,
영화,03_13_02_P,범서온천 자동차극장,401202.3383,238459.2254,영화,
영화,03_13_02_P,CGV울산삼산 제3관,412037.5114,229430.4553,영화,CGV
영화,03_13_02_P,롯데시네마 울산9(9관),412001.9667,229039.5633,영화,롯데시네마
영화,03_13_02_P,현대예술관,420448.2356,227525.7808,영화,
영화,03_13_02_P,인천미림극장 주식회사,167584.9854,441543.3215,영화,
영화,03_13_02_P,CGV 안동 2관,356541.0156,341426.3052,영화,CGV
영화,03_13_02_P,CGV순천신대 3관,250396.8735,158714.5191,영화,CGV
영화,03_13_02_P,목포극장1관,143530.571,143726.4012,영화,
영화,03_13_02_P,CGV 광양 1상영관,265896.9645,159854.4967,영화,CGV
영화,03_13_02_P,메가박스 목포하당(포르모) 1관,147387.7006,145561.0818,영화,메가박스
영화,03_13_02_P,제일극장,143032.9381,144510.5256,영화,
영화,03_13_02_P,CGV 목포제3관,146838.6226,145032.3528,영화,CGV
영화,03_13_02_P,고흥 작은영화관,227456.7466,124210.0784,영화,
영화,03_13_02_P,고흥 작은영화관(제2관),227142.4355,124099.3094,영화,
영화,03_13_02_P,롯데시네마 수원관 제1관,199673.3786,418025.5478,영화,롯데시네마
영화,03_13_02_P,메가박스 포항 컴포트 4관,411699.7165,281700.6209,영화,메가박스
영화,03_13_02_P,포항자동차극장2관,409810.631,293610.4597,영화,
영화,03_13_02_P,CGV 북포항(3관),413362.4224,284852.5835,영화,CGV
영화,03_13_02_P,롯데시네마 포항 1관,412902.6585,284383.4464,영화,롯데시네마
영화,03_13_02_P,메가박스중앙(주) 남포항점 6관,416721.0033,277577.3547,영화,메가박스
영화,03_13_02_P,인디플러스 포항,413284.9606,284873.1953,영화,
영화,03_13_02_P,CGV 양산삼호점 1관,396840.5494,214866.5062,영화,CGV
영화,03_13_02_P,CGV 양주옥정 6관,208043.5,479654.9,영화,CGV
영화,03_13_02_P,완도 빙그레 시네마 1관,176138.6773,91814.56738,영화,
영화,03_13_02_P,CGV김해율하 제1관,365144.7853,187151.1233,영화,CGV
영화,03_13_02_P,CGV부천옥길1관,184290.2408,440618.6533,영화,CGV
영화,03_13_02_P,대전독립영화전용관 씨네인디 U,236728.1378,313443.5058,영화,
영화,03_13_02_P,롯데시네마 상주 1관,303465.9545,324524.6874,영화,롯데시네마
영화,03_13_02_P,씨지브이(주) 고양행신 제1관,185318.5575,456821.6695,영화,
영화,03_13_02_P,CGV평택고덕 1관,206113.4802,392491.2884,영화,CGV
영화,03_13_02_P,씨지브이 울산동구1관,420536.1668,223852.8452,영화,
영화,03_13_02_P,KT&G 상상마당 cinema,192952.4207,449862.4658,영화,
영화,03_13_02_P,영화공장,395960.6969,211362.2806,영화,
영화,03_13_02_P,루프탑시네마 모다순천점,249664.4037,158698.4695,영화,
영화,03_13_02_P,CGV서면상상마당 제6관,387394.968,185837.3166,영화,CGV
영화,03_13_02_P,명지플러스시네마 1관,373470.6037,178919.5832,영화,
영화,03_13_02_P,조종시네마 제2관,230588.1995,479535.1118,영화,
영화,03_13_02_P,NH시네마 1관,237293.8591,214100.2441,영화,
영화,03_13_02_P,소소아트시네마,237754.2693,316805.2666,영화,
영화,03_13_02_P,CGV 남양주 화도,226029.8178,460824.6348,영화,CGV
영화,03_13_02_P,진도아리랑 시네마 1관,132895.8049,109406.103,영화,
영화,03_13_02_P,CGV 동탄그랑파사쥬 1관,209361.7794,407341.074,영화,CGV
영화,03_13_02_P,롯데시네마 대전(제1관),234901.1939,315605.266,영화,롯데시네마
영화,03_13_02_P,메가박스중앙(주) 대전지점 8관,234758.6004,316344.9024,영화,메가박스
영화,03_13_02_P,롯데시네마 대전둔산(제1관),233937.7441,317963.3479,영화,롯데시네마
영화,03_13_02_P,롯데시네마 대전센트럴관 1관,233985.7912,316847.1617,영화,롯데시네마
영화,03_13_02_P,CGV 대전탄방 4관,234834.8548,316331.8862,영화,CGV
영화,03_13_02_P,별빛영화마을 대전자동차극장,228465.007,303510.2844,영화,
영화,03_13_02_P,CGV 유성노은 1관,228510.5716,319123.8319,영화,CGV
영화,03_13_02_P,메가박스중앙(주)대전유성지점 5관,230861.7695,316893.9682,영화,메가박스
영화,03_13_02_P,메가박스중앙(주)마산지점 1관 컴포트,342378.5799,188083.1591,영화,메가박스
영화,03_13_02_P,CGV창원더시티 1관,350381.455,194669.2038,영화,CGV
영화,03_13_02_P,롯데시네마 거창 2관,282587.2875,243437.2659,영화,롯데시네마
영화,03_13_02_P,메가박스(주)창원내서지점 5관,337420.75,195460.1868,영화,메가박스
영화,03_13_02_P,CGV 창원상남(1관),353008.424,192790.4061,영화,CGV
영화,03_13_02_P,롯데시네마 진해 제1관,354588.5398,185722.5292,영화,롯데시네마
영화,03_13_02_P,씨네아트 리좀,343420.3961,190784.8897,영화,
영화,03_13_02_P,롯데시네마 프리미엄 경남대 1관,342008.2122,187957.5763,영화,롯데시네마
영화,03_13_02_P,롯데시네마 마산(합성동) 1관,344086.0401,194443.7023,영화,롯데시네마
영화,03_13_02_P,메가박스 진주중안 1관,298526.704,188715.2839,영화,메가박스
영화,03_13_02_P,메가박스 진주(태양의 제국)제1관,298620.4989,188831.3858,영화,메가박스
영화,03_13_02_P,스카라 거제 제1관,348447.0787,155708.4188,영화,
영화,03_13_02_P,롯데시네마창원7(1관),353052.9448,192993.3378,영화,롯데시네마
영화,03_13_02_P,거제자동차극장,349772.6885,147116.3818,영화,
영화,03_13_02_P,CGV거제 4관,347704.2059,155893.0016,영화,CGV
영화,03_13_02_P,롯데시네마 진주혁신 제7관,303762.5593,187362.8504,영화,롯데시네마
영화,03_13_02_P,"블루마씨네 1관, 2관",420159.3818,240543.3885,영화,
영화,03_13_02_P,CGV 동탄 4관,206044.3325,411453.9057,영화,CGV
영화,03_13_02_P,메가박스중앙(주)수원AK플라자 Dolby Cinema관,199920.1947,418246.9271,영화,메가박스
영화,03_13_02_P,태형영화,199597.6826,450624.1787,영화,
영화,03_13_02_P,CGV동수원 씨네앤포레,202803.4663,418036.0561,영화,CGV
영화,03_13_02_P,CGV동수원 제3관,202791.4479,418001.5002,영화,CGV
영화,03_13_02_P,메가박스중앙(주) 영통지점 제8관,206280.422,416752.2657,영화,메가박스
영화,03_13_02_P,(주)다연(메가박스 수원남문점) 1관,201340.8887,419369.9888,영화,메가박스
영화,03_13_02_P,롯데시네마 북수원 1관,198520.4175,422075.1568,영화,롯데시네마
영화,03_13_02_P,롯데시네마 광교아울렛 제6관,204888.8556,420476.3916,영화,롯데시네마
영화,03_13_02_P,롯데시네마 서수원 1관,195858.1535,419228.5768,영화,롯데시네마
영화,03_13_02_P,CGV광교 1관,205023.5829,420361.2482,영화,CGV
영화,03_13_02_P,CGV북수원제1관,200590.5117,422392.3846,영화,CGV
영화,03_13_02_P,메가박스 수원지점 1관,201782.7331,416501.6997,영화,메가박스
영화,03_13_02_P,CGV홍대 1관,193105.3351,450464.4442,영화,CGV
영화,03_13_02_P,롯데시네마 홍대입구관 제6관,193330.7141,450564.5132,영화,롯데시네마
영화,03_13_02_P,롯데시네마 합정 제1관,192311.6426,449855.6439,영화,롯데시네마
영화,03_13_02_P,CGV 광교상현 1관,205967.9253,421662.9071,영화,CGV
영화,03_13_02_P,롯데시네마 건대입구관 (제2관),206349.675,448396.9397,영화,롯데시네마
영화,03_13_02_P,CGV인천14 제3관,173552.3106,438905.868,영화,CGV
영화,03_13_02_P,CGV 왕십리 9관,203321.5623,451001.8687,영화,CGV
영화,03_13_02_P,CGV 인천논현1관,174128.2077,433391.1299,영화,CGV
영화,03_13_02_P,메가박스 인천논현 1관,175793.4067,432847.4975,영화,메가박스
영화,03_13_02_P,CGV포천(1관),213127.8331,480798.019,영화,CGV
영화,03_13_02_P,메가박스중앙(주) 세종청사지점 제1관,223042.6263,333554.4079,영화,메가박스
영화,03_13_02_P,도곡7관,204098.596,442807.3172,영화,
영화,03_13_02_P,한림 작은영화관 제1관,131888.0233,-9408.66885,영화,
영화,03_13_02_P,메가박스중앙(주)용인기흥지점(컴포트 1관),210124.0775,413542.1299,영화,메가박스
영화,03_13_02_P,CGV 전주에코시티 1관,211179.4213,263662.3291,영화,CGV
영화,03_13_02_P,초이자동차극장,218943.5416,333540.7638,영화,
영화,03_13_02_P,CGV Salon 서초,202245.3779,442987.987,영화,CGV
영화,03_13_02_P,화순시네마 제1관,198581.3292,173255.1708,영화,
영화,03_13_02_P,롯데시네마 천안불당 1관,209591.4828,367992.5044,영화,롯데시네마
영화,03_13_02_P,메가박스 컴포트 1관,189541.85,435187.7388,영화,메가박스
영화,03_13_02_P,CGV DRIVE IN 곤지암,226747.5146,426157.4302,영화,CGV
영화,03_13_02_P,롯데시네마 시흥장현 1관,182864.7428,429902.0714,영화,롯데시네마
영화,03_13_02_P,롯데시네마 전주송천관 1관,210850.2698,262991.6924,영화,롯데시네마
영화,03_13_02_P,CGV 대구죽전 1관,338717.7142,262242.3856,영화,CGV
영화,03_13_02_P,CGV 드라이브 인 영도,389989.6806,175680.6599,영화,CGV
영화,03_13_02_P,CGV첨단점 1관,186300.4016,190814.0515,영화,CGV
영화,03_13_02_P,메가박스 하남 7관,182753.5594,184879.9299,영화,메가박스
영화,03_13_02_P,롯데시네마 광산 4관,182582.4651,184555.2646,영화,롯데시네마
영화,03_13_02_P,롯데시네마 수완 4관,183530.6411,187845.5287,영화,롯데시네마
영화,03_13_02_P,CGV 김해9 제1관,370012.373,195252.4469,영화,CGV
영화,03_13_02_P,메가박스 양산점 4관,384210.7454,206199.7983,영화,메가박스
영화,03_13_02_P,롯데시네마사천 (제1관),298639.3353,176300.2788,영화,롯데시네마
영화,03_13_02_P,롯데시네마사천(제3관),298592.2278,176301.7482,영화,롯데시네마
영화,03_13_02_P,메가박스삼천포점 3관,294701.35,161674.8073,영화,메가박스
영화,03_13_02_P,롯데시네마 양산물금관(1관),381978.8298,203906.072,영화,롯데시네마
영화,03_13_02_P,씨지브이 김해장유 제1관~제6관,364053.3354,189566.1012,영화,
영화,03_13_02_P,밀양시네마1관,358367.4296,223580.4754,영화,
영화,03_13_02_P,롯데시네마 김해아울렛 제3관,366527.6478,188848.1937,영화,롯데시네마
영화,03_13_02_P,지리산시네파크,290173.2894,200181.5537,영화,
영화,03_13_02_P,CGV 창원6 제1관,349399.9707,194048.3347,영화,CGV
영화,03_13_02_P,메가박스창원6관,352494.9464,192629.5837,영화,메가박스
영화,03_13_02_P,씨지브이마산8 1관,343966.6217,194288.6445,영화,
영화,03_13_02_P,씨네밸리,347783.2404,255360.4759,영화,
영화,03_13_02_P,CGV 동탄호수공원 제2관,209253.3874,407725.1146,영화,CGV
영화,03_13_02_P,롯데시네마 향남(제4관),192141.2896,401495.4368,영화,롯데시네마
영화,03_13_02_P,CGV동탄역 제2관,208572.1677,411122.5782,영화,CGV
영화,03_13_02_P,메가박스 동탄 1관,206392.0983,411409.9034,영화,메가박스
영화,03_13_02_P,CGV화성봉담 1관,195981.6589,413019.6248,영화,CGV
영화,03_13_02_P,롯데시네마 병점관,203710.058,412437.8082,영화,롯데시네마
영화,03_13_02_P,롯데시네마 노원(제7관),205320.2848,461419.8818,영화,롯데시네마
영화,03_13_02_P,CGV 중계 제7관,205985.9533,459730.4378,영화,CGV
영화,03_13_02_P,롯데시네마 노원수락산역 제1관,204839.9779,463796.3812,영화,롯데시네마
영화,03_13_02_P,CGV 하계 제1관,205645.892,459609.0125,영화,CGV
영화,03_13_02_P,더숲 아트시네마 제1관,205352.2249,461310.6678,영화,
영화,03_13_02_P,메가박스중앙(주) 마곡지점 4관,185371.2988,450793.7712,영화,메가박스
영화,03_13_02_P,메가박스 강동1,210992.4973,447372.6172,영화,메가박스
영화,03_13_02_P,롯데시네마청량리 제5관,204081.2821,453187.3952,영화,롯데시네마
영화,03_13_02_P,롯데시네마 1관,211008.0193,448270.5004,영화,롯데시네마
영화,03_13_02_P,CGV 천호 2관,212501.3691,449282.3104,영화,CGV
영화,03_13_02_P,클래식시네마스페이스(주),201753.1885,446003.4452,영화,
영화,03_13_02_P,CINE Q 신도림점 제10관,190232.5245,444978.6827,영화,
영화,03_13_02_P,CGV 건대입구 제1관,205845.9467,448616.8477,영화,CGV
영화,03_13_02_P,메가박스 창동 1관,203351.8658,461358.4054,영화,메가박스
영화,03_13_02_P,KU시네마테크,206445.8811,448922.8817,영화,
영화,03_13_02_P,CGV구로10제6관,189570.3609,444336.0513,영화,CGV
영화,03_13_02_P,CGV 강남제2관,202262.4579,444382.5423,영화,CGV
영화,03_13_02_P,씨네 드 쉐프 A관,202530.1848,446900.9612,영화,
영화,03_13_02_P,롯데시네마 김포공항 (1관),182524.8238,451438.2509,영화,롯데시네마
영화,03_13_02_P,롯데시네마 브로드웨이 6관,201836.2576,446034.6865,영화,롯데시네마
영화,03_13_02_P,이봄씨어터,201876.7638,446752.4509,영화,
영화,03_13_02_P,코엑스 소상영관 B,205130.5917,445590.0968,영화,
영화,03_13_02_P,씨네예술관 1관,203069.2121,446531.9041,영화,
영화,03_13_02_P,씨네마강남 1관,201924.4852,446086.6929,영화,
영화,03_13_02_P,롯데컬처웍스(주)롯데시네마 제1관,190107.0454,445157.6264,영화,롯데시네마
영화,03_13_02_P,메가박스중앙(주) 화곡지점 1관,185574.9372,448716.2747,영화,메가박스
영화,03_13_02_P,롯데시네마 가양 6관,186966.0362,451047.2873,영화,롯데시네마
영화,03_13_02_P,CGV강변11 제5관,208394.4164,448165.28,영화,CGV
영화,03_13_02_P,메가박스 군자9,206852.3609,450393.661,영화,메가박스
영화,03_13_02_P,씨네하우스 2관,203064.6402,446594.3191,영화,
영화,03_13_02_P,씨티극장 3관,202310.3114,444240.7983,영화,
영화,03_13_02_P,코엑스 2관,202160.3319,446215.9356,영화,
영화,03_13_02_P,(주)케이엠티브이,202510.1756,445767.5124,영화,
영화,03_13_02_P,CGV압구정 IMAX관,202478.5995,446927.6243,영화,CGV
영화,03_13_02_P,강남비디오소극장,202039.7404,445481.8844,영화,
영화,03_13_02_P,코엑스 컴포트 6관,202205.4307,446211.2208,영화,
영화,03_13_02_P,롯데시네마 브로드웨이 1관,201869.7776,446024.4102,영화,롯데시네마
영화,03_13_02_P,CGV 청담씨네시티 CINEMA SWEETBOX PREMIUM 관,203205.417,446740.5529,영화,CGV
영화,03_13_02_P,판타스틱큐브,179231.3785,444548.8352,영화,
영화,03_13_02_P,메가박스중앙(주) 대구이시아지점 1관,347543.7468,270181.3331,영화,메가박스
영화,03_13_02_P,롯데시네마 용인기흥 3관,210353.7826,419192.2268,영화,롯데시네마
영화,03_13_02_P,씨지브이익산 제3관,197560.6205,273085.2106,영화,
영화,03_13_02_P,CGV계양 2관,176465.2631,447989.6417,영화,CGV
영화,03_13_02_P,메가박스중앙(주)대전현대아울렛지점 1관,235682.7182,324850.0178,영화,메가박스
영화,03_13_02_P,CGV 파주야당 1관,178762.9444,467888.442,영화,CGV
영화,03_13_02_P,롯데시네마 하남미사 1관,217964.3538,450753.9415,영화,롯데시네마
영화,03_13_02_P,의성작은영화관 1관,352225.2637,318284.3256,영화,
영화,03_13_02_P,롯데시네마 동탄 샤롯데,208569.6424,410949.2635,영화,롯데시네마
영화,03_13_02_P,롯데시네마 경주황성관 1관,400240.0532,266781.9324,영화,롯데시네마
영화,03_13_02_P,해남시네마 1관,163761.863,119065.1832,영화,
영화,03_13_02_P,CGV연남 6관,193383.4159,450602.3823,영화,CGV
영화,03_13_02_P,CGV 천안시청 1관,209752.6489,368640.5444,영화,CGV
영화,03_13_02_P,기흥CGV 1관,210517.5679,419792.271,영화,CGV
영화,03_13_02_P,엠시네마 자동차극장,418297.8279,357509.7606,영화,
영화,03_13_02_P,컴포트 1관,234414.0079,319679.5356,영화,
영화,03_13_02_P,CGV대구연경 1관,346360.7078,272433.9057,영화,CGV
영화,03_13_02_P,롯데시네마 영천관,375009.8483,275376.5126,영화,롯데시네마
영화,03_13_02_P,OLC 담양 담빛시네마 2관,198614.7339,201877.1753,영화,
영화,03_13_02_P,롯데시네마 천안청당 1관,213863.1817,364641.4235,영화,롯데시네마
영화,03_13_02_P,CGV DRIVE IN 용인크랙사이드,216962.0116,416297.2181,영화,CGV
영화,03_13_02_P,영암기찬시네마 1관,172614.9068,144662.3744,영화,
영화,03_13_02_P,별고을시네마 2관,315947.6963,269282.2733,영화,
영화,03_13_02_P,롯데시네마 제주연동 1관,152952.6833,-1629.974336,영화,롯데시네마
영화,03_13_02_P,씨네큐 청라 1관,169021.5827,448018.5395,영화,
영화,03_13_02_P,CGV아산 1관,200683.7572,364318.9062,영화,CGV
영화,03_13_02_P,화성시 작은영화관 1관,179538.5103,411481.3496,영화,
영화,03_13_02_P,보은영화관 with 씨네큐 1관,264725.427,332057.7089,영화,
영화,03_13_02_P,롯데시네마 별내 1관,211165.1672,460284.288,영화,롯데시네마
영화,03_13_02_P,롯데시네마 부산 명지점 1관,374253.1123,178757.4233,영화,롯데시네마
영화,03_13_02_P,CGV 인천도화점 1관,170309.6602,440927.7482,영화,CGV
영화,03_13_02_P,오시리아 자동차야외극장,401648.1724,190623.5211,영화,
영화,03_13_02_P,롯데시네마 판교 1관,208628.0191,434627.0392,영화,롯데시네마
영화,03_13_02_P,함안군 작은영화관 1관,328281.8131,198488.9142,영화,
영화,03_13_02_P,메가박스 첨단 1관,186484.1039,191340.9596,영화,메가박스
영화,03_13_02_P,롯데시네마 프리미엄 칠곡 1관,341042.0641,272450.2185,영화,롯데시네마
영화,03_13_02_P,메가박스 북대구지점 제1관,340843.6291,272656.8378,영화,메가박스
영화,03_13_02_P,CGV대구 6관,343510.5732,266134.2599,영화,CGV
영화,03_13_02_P,중앙시네마,354870.8987,341839.8127,영화,
영화,03_13_02_P,롯데시네마 김해부원 제1관,371470.3804,193470.527,영화,롯데시네마
영화,03_13_02_P,롯데시네마 광명6관,187160.8742,441928.3533,영화,롯데시네마
영화,03_13_02_P,롯데시네마 광명아울렛 5관,189614.4451,435789.264,영화,롯데시네마
영화,03_13_02_P,롯데컬처웍스(주) 롯데시네마위례 3관,212425.5601,441216.3704,영화,롯데시네마
영화,03_13_02_P,롯데시네마(시화관) 제1관,177047.2889,427744.5565,영화,롯데시네마
영화,03_13_02_P,CGV야탑8 제5관,211202.1488,434560.9118,영화,CGV
영화,03_13_02_P,CGV 배곧3관,176072.6007,429602.844,영화,CGV
영화,03_13_02_P,CGV 성남모란1관,211415.2468,436591.6391,영화,CGV
영화,03_13_02_P,메가박스중앙(주) 분당지점 (스위트룸),210762.7525,431501.4476,영화,메가박스
영화,03_13_02_P,CGV 서현점 1관,210773.548,431704.1073,영화,CGV
영화,03_13_02_P,CGV 경기광주점 4관,222812.8759,433972.2643,영화,CGV
영화,03_13_02_P,CGV 판교 제1관,209850.447,432304.1494,영화,CGV
영화,03_13_02_P,롯데시네마 안성관,217695.6371,389592.8954,영화,롯데시네마
영화,03_13_02_P,CGV 안성 8관,222819.6917,390088.2464,영화,CGV
영화,03_13_02_P,CGV 시흥 제1관,181498.4961,438335.2257,영화,CGV
영화,03_13_02_P,OLC광명철산극장 제GH관,188408.9794,441443.5179,영화,
영화,03_13_02_P,메가박스 시흥배곧 1관,176060.7069,429766.4176,영화,메가박스
영화,03_13_02_P,롯데시네마 광주터미널(제2관),223061.3892,434193.7091,영화,롯데시네마
영화,03_13_02_P,시.지.브이오리11 제1관,209409.1602,426451.3589,영화,
영화,03_13_02_P,문화극장 3관,204506.3093,489573.8951,영화,
영화,03_13_02_P,문화극장 1관,204836.4219,489515.059,영화,
영화,03_13_02_P,문화극장 2관,204828.6495,489548.5823,영화,
영화,03_13_02_P,CGV 구리 1관,212475.6457,455508.1101,영화,CGV
영화,03_13_02_P,롯데시네마 안산4관,186396.0677,423947.2364,영화,롯데시네마
영화,03_13_02_P,롯데시네마센트럴락8관,185573.7018,424075.3375,영화,롯데시네마
영화,03_13_02_P,롯데시네마 부천역관 제8관,180695.6906,442609.6509,영화,롯데시네마
영화,03_13_02_P,메가박스 안산 중앙 1관,185360.9775,424005.7102,영화,메가박스
영화,03_13_02_P,명화극장,185656.8443,423918.1313,영화,
영화,03_13_02_P,롯데시네마 안산고잔관 제1관,184763.8988,422990.5098,영화,롯데시네마
영화,03_13_02_P,CGV안산 5관,184953.1217,423556.9601,영화,CGV
영화,03_13_02_P,CGV소풍 2관,178411.4421,444684.4053,영화,CGV
영화,03_13_02_P,만화영화상영관,177525.4579,445566.1183,영화,
영화,03_13_02_P,롯데시네마 부천 제1관,179874.935,444538.5593,영화,롯데시네마
영화,03_13_02_P,CGV부천8  5관,178901.9913,444701.5572,영화,CGV
영화,03_13_02_P,CGV부천역 2관,180574.4511,442653.4956,영화,CGV
영화,03_13_02_P,CGV역곡 1관,183213.6656,442488.8611,영화,CGV
영화,03_13_02_P,롯데시네마 서울대입구제2관,195703.0437,442094.0858,영화,롯데시네마
영화,03_13_02_P,롯데시네마 신림 제6관,193754.4274,442407.2012,영화,롯데시네마
영화,03_13_02_P,(주)쎄니트 수유지점 롯데시네마 수유 6관,202032.7576,459259.444,영화,롯데시네마
영화,03_13_02_P,씨지브이 미아점 1관,202642.446,456636.3082,영화,
영화,03_13_02_P,CGV 수유 1관,202565.2368,460003.1177,영화,CGV
영화,03_13_02_P,메가박스(주) 이수지점,198295.8433,442507.6991,영화,메가박스
영화,03_13_02_P,롯데시네마 독산 제1관,190858.6495,440808.5413,영화,롯데시네마
영화,03_13_02_P,롯데시네마 가산디지털(제3관),190119.4634,441716.6846,영화,롯데시네마
영화,03_13_02_P,떼아뜨르 이동영화,186729.5886,442612.4245,영화,
영화,03_13_02_P,CGV 광주하남 2관,182301.7727,186588.2421,영화,CGV
영화,03_13_02_P,메가박스 중앙(주)김포한강신도시점 5관,166791.2816,460351.2984,영화,메가박스
영화,03_13_02_P,CGV 인천학익점 1관,169119.1809,438218.4189,영화,CGV
영화,03_13_02_P,CGV고성 1관,320083.2789,165018.4113,영화,CGV
영화,03_13_02_P,메가박스 논산 제2관,208835.4204,298813.8932,영화,메가박스
영화,03_13_02_P,CGV논산 제1관,208700.222,298057.825,영화,CGV
영화,03_13_02_P,CGV 진주혁신 1관,304128.1408,187423.9961,영화,CGV
영화,03_13_02_P,산청군 작은영화관 1관,288257.9247,200649.2415,영화,
영화,03_13_02_P,씨네큐 천안 불당 1관,209519.5617,367907.5942,영화,
영화,03_13_02_P,메가박스중앙(주)안성스타필드지점 1관,213062.919,388093.0367,영화,메가박스
영화,03_13_02_P,롯데시네마 중랑관 1관,206641.2692,456981.0858,영화,롯데시네마
영화,03_13_02_P,메가박스 전주혁신점 1관,205360.6428,259875.9531,영화,메가박스
영화,03_13_02_P,영양 작은영화관,389258.5252,353447.662,영화,
영화,03_13_02_P,메가박스중앙(주)남양주현대아울렛스페이스원지점 1관,213414.2656,457095.53,영화,메가박스
영화,03_13_02_P,마이골작은영화관 1관,238178.8764,254432.0452,영화,
영화,03_13_02_P,CGV하남미사 1관,216873.6705,451296.3107,영화,CGV
영화,03_13_02_P,장흥 자동차극장 1관,195564.7375,469122.957,영화,
영화,03_13_02_P,임실한마당 작은별영화관(고추관),225927.9362,235060.2943,영화,
영화,03_13_02_P,CGV 다산 2관 (인케이 다산시네마),213352.6388,456784.2681,영화,CGV
영화,03_13_02_P,케이트리호텔 X 모노플렉스,177706.382,462926.6325,영화,
영화,03_13_02_P,CGV 충주교현 1관,282540.7147,387001.5008,영화,CGV
영화,03_13_02_P,큐브시네마,198006.1134,363927.4762,영화,
영화,03_13_02_P,곡성극장 2관,226269.053,197812.289,영화,
영화,03_13_02_P,칠곡호이영화관(씨네Q) 1관,326919.1798,284356.1248,영화,
영화,03_13_02_P,CGV경산 1관,356853.4919,260604.6759,영화,CGV
영화,03_13_02_P,울진작은영화관,413606.0251,390535.8207,영화,
영화,03_13_02_P,(주)버킷스튜디오 메가박스 세종 1관,226602.7941,344698.3587,영화,메가박스
영화,03_13_02_P,CGV 세종1관,222107.6019,333536.0375,영화,CGV
영화,03_13_02_P,메가박스 진천점 1관,239121.7213,373252.2127,영화,메가박스
영화,03_13_02_P,메가박스 남양주 9관,221468.586,461438.0648,영화,메가박스
영화,03_13_02_P,롯데컬처웍스(주)롯데시네마진접,216390.2001,467747.2198,영화,롯데시네마
영화,03_13_02_P,롯데시네마 마석 1관,227234.545,460930.696,영화,롯데시네마
영화,03_13_02_P,메가박스 별내점(제1관),211100.7801,461499.2581,영화,메가박스
영화,03_13_02_P,롯데시네마 구리아울렛 6관,212338.5166,456623.1791,영화,롯데시네마
영화,03_13_02_P,CGV 산본(2관),194028.372,428538.8749,영화,CGV
영화,03_13_02_P,롯데시네마 산본피트인(제1관),193789.4107,428419.5783,영화,롯데시네마
영화,03_13_02_P,김포극장   GS관,175157.8984,457486.1736,영화,
영화,03_13_02_P,CGV 김포한강 1관,174092.8329,458913.3134,영화,CGV
영화,03_13_02_P,CGV김포운양 2관,172052.9683,461430.9601,영화,CGV
영화,03_13_02_P,메가박스 영종 1관,155605.4976,443460.5761,영화,메가박스
영화,03_13_02_P,오가닉메이커 협동조합 괴산극장 1관,276919.1043,363591.2631,영화,
영화,03_13_02_P,제주 롯데시네마 삼화점 제1관,161670.0321,2752.67814,영화,롯데시네마
영화,03_13_02_P,CGV청주서문10관,243478.522,348308.9333,영화,CGV
영화,03_13_02_P,CGV청주율량 2관,244184.9446,351834.5957,영화,CGV
영화,03_13_02_P,메가박스 오창 제8관,238220.1861,356859.2669,영화,메가박스
영화,03_13_02_P,CGV청주성안길 1관,243582.088,348339.2185,영화,CGV
영화,03_13_02_P,오송자동차극장,228080.1465,342717.5051,영화,
영화,03_13_02_P,CGV청주터미널 1관,238501.3394,347307.9521,영화,CGV
영화,03_13_02_P,롯데시네마 서청주 제1관,237628.5276,349407.6757,영화,롯데시네마
영화,03_13_02_P,메가박스 청주사창 컴포트 1관,241110.6778,348029.6701,영화,메가박스
영화,03_13_02_P,씨네월드,243657.1534,348301.0729,영화,
영화,03_13_02_P,CGV 청주지웰시티 1관,238310.2022,349177.6459,영화,CGV
영화,03_13_02_P,롯데시네마 청주용암 제1관,244938.9969,345214.1851,영화,롯데시네마
영화,03_13_02_P,메가박스(주)금정AK플라자지점(컴포트2관),195045.8402,430029.8757,영화,메가박스
영화,03_13_02_P,1관,190562.2611,438191.3607,영화,
영화,03_13_02_P,롯데시네마 신대방 1관,191548.5358,442684.5314,영화,롯데시네마
영화,03_13_02_P,CJ CGV 광주용봉1관,191975.4185,187025.3545,영화,CGV
영화,03_13_02_P,롯데시네마 프리미엄 안동 1관,352110.9509,341912.5875,영화,롯데시네마
영화,03_13_02_P,메가박스 김천 1관,299922.1736,292204.4264,영화,메가박스
영화,03_13_02_P,CGV  김천율곡 4관,306479.0645,291131.5889,영화,CGV
영화,03_13_02_P,영동레인보우영화관 1관,269874.6249,297216.5417,영화,
영화,03_13_02_P,향수시네마 2관,251600.7185,311612.0065,영화,
영화,03_13_02_P,씨네Q 충주연수점 1관,283717.053,387731.9209,영화,
영화,03_13_02_P,메가박스씨앤씨점(11관),283023.384,385839.5245,영화,메가박스
영화,03_13_02_P,씨지브이 용산아이파크몰 제11관,196864.3606,447707.4033,영화,
영화,03_13_02_P,메가박스중앙(주) 센트럴 더부티크 103호,200250.4478,444683.2205,영화,메가박스
영화,03_13_02_P,롯데시네마 영등포 3관,191741.3458,445970.3076,영화,롯데시네마
영화,03_13_02_P,CGV 명동 3관,198418.7417,451237.1686,영화,CGV
영화,03_13_02_P,씨너스 이오이(EOE)4 남산자동차극장,200154.6929,449919.6278,영화,
영화,03_13_02_P,씨큐엔(CQN)명동1관,198527.0993,450998.0734,영화,
영화,03_13_02_P,메가박스중앙(주) 강남 1관,202276.9172,443970.968,영화,메가박스
영화,03_13_02_P,롯데시네마 에비뉴엘 <2관>,198333.4709,451313.4129,영화,롯데시네마
영화,03_13_02_P,롯데시네마 용산 제7관,196370.7464,447841.6988,영화,롯데시네마
영화,03_13_02_P,시네아스트극장,199267.1079,451366.7791,영화,
영화,03_13_02_P,강화작은영화관,153562.218,471636.3772,영화,
영화,03_13_02_P,메가박스중앙(주)킨텍스지점 COMFORT 1관,178006.0803,462865.8125,영화,메가박스
영화,03_13_02_P,CGV고양백석 4관,181369.9672,460117.3546,영화,CGV
영화,03_13_02_P,메가박스중앙(주)백석벨라시타지점 101호,181637.1892,460029.0134,영화,메가박스
영화,03_13_02_P,CGV일산(4관),179810.179,461526.1644,영화,CGV
영화,03_13_02_P,메가박스일산 1관,178490.4129,465282.1192,영화,메가박스
영화,03_13_02_P,메가박스일산 4관,178459.2214,465253.1354,영화,메가박스
영화,03_13_02_P,메가박스일산 6관,178429.4379,465276.387,영화,메가박스
영화,03_13_02_P,(주)씨지브이 화정1관,185206.2941,459287.0068,영화,
영화,03_13_02_P,롯데시네마 라페스타(1관),179511.6963,462156.7491,영화,롯데시네마
영화,03_13_02_P,롯데시네마주엽(일산)2관,178859.7914,463205.2272,영화,롯데시네마
영화,03_13_02_P,메가박스중앙(주) 고양스타필드지점 8관,190645.3143,460528.948,영화,메가박스
영화,03_13_02_P,롯데시네마사천 (제7관),298627.9034,176343.4093,영화,롯데시네마
영화,03_13_02_P,제주 자동차 극장,150408.0257,40.61627294,영화,
영화,03_13_02_P,CGV스타필드시티위례1관,213056.0419,441993.3775,영화,CGV
영화,03_13_02_P,CGV송도타임스페이스 1관,168216.5778,431393.912,영화,CGV
영화,03_13_02_P,천재의 공간 영화산책 1관,213084.7196,208297.7786,영화,
영화,03_13_02_P,함평자동차극장,156378.2652,173424.6306,영화,
영화,03_13_02_P,마실영화관 1관,175149.3586,247177.7776,영화,
영화,03_13_02_P,포천허브아일랜드 자동차극장,211638.1305,496074.3822,영화,
영화,03_13_02_P,영광 작은영화관,155122.404,197119.9771,영화,
영화,03_13_02_P,라이카시네마 S관,193828.4361,451433.7896,영화,
영화,03_13_02_P,롯데시네마 당진 1관,168433.8132,376251.3744,영화,롯데시네마
영화,03_13_02_P,CINE Q 하동점 1관,268271.3833,174723.3119,영화,
영화,03_13_02_P,CGV 제천 1관,308522.7923,403111.0675,영화,CGV
영화,03_13_02_P,설성시네마 1관,261451.3538,381700.2204,영화,
영화,03_13_02_P,메가박스 수원 호매실점 1관,196765.9205,417424.1975,영화,메가박스
영화,03_13_02_P,금산시네마 1관,244120.3425,288864.758,영화,
